plant,axis,metamer,leaf_pseudo_age,internode_pseudo_age,leaf_is_growing,internode_is_growing,leaf_pseudostem_length,internode_distance_to_emerge,leaf_L,internode_L,leaf_Lmax,lamina_Lmax,sheath_Lmax,leaf_Wmax,SSLW,LSSW,leaf_is_emerged,internode_Lmax,LSIW,internode_is_visible,sucrose,amino_acids,fructan,proteins,leaf_enclosed_mstruct,internode_enclosed_mstruct,mstruct,leaf_enclosed_Nstruct,internode_enclosed_Nstruct
1,MS,3,912263,432000,True,True,0.028681,0.028681,0.121912,0.00005,0.122767,0.087784,0.034128,0.005,27.6,1.38,True,NA,1.38,False,6.721536,0.49151232,0,5.966767248,2.80E-03,0.00000064,0.00280064,1.40E-05,3.20E-09
1,MS,4,533988,0,True,True,0.028671,0.028671,0.059415473,0.00001,0.143268,0.100372,0.042896,0.0055,27.6,1.38,False,NA,1.38,False,6.72,0.4914,0,5.965403727,2.80E-03,0,0.0028,1.40E-05,0
1,MS,5,0,0,True,False,0.028671,0.028671,0.004071393,0,0.154755,0.11829,0.05531,0.006,27.3,1.365,False,NA,NA,False,3.384,0.247455,0,3.004006877,1.41E-03,0,0.00141,7.05E-06,0
1,MS,6,0,0,True,False,0.028671,0.028671,0.001935925,0,NA,NA,NA,NA,NA,NA,False,NA,NA,False,2.3904,0.174798,0,2.121979326,9.96E-04,0,0.000996,4.98E-06,0
1,MS,7,0,0,True,False,0.028671,0.028671,0.00098038,0,NA,NA,NA,NA,NA,NA,False,NA,NA,False,1.8888,0.1381185,0,1.676704547,7.87E-04,0,0.000787,3.94E-06,0
1,MS,8,0,0,True,False,0.028671,0.028671,0.000886375,0,NA,NA,NA,NA,NA,NA,False,NA,NA,False,1.5696,0.114777,0,1.39334787,6.54E-04,0,0.000654,3.27E-06,0
1,MS,9,0,0,True,False,0.028671,0.028671,0.00017404,0,NA,NA,NA,NA,NA,NA,False,NA,NA,False,1.2456,0.0910845,0,1.105730191,5.19E-04,0,0.000519,2.60E-06,0
1,MS,10,0,0,True,False,0.028671,0.028671,6.50968E-05,0,NA,NA,NA,NA,NA,NA,False,NA,NA,False,1.1328,0.082836,0,1.005596628,4.72E-04,0,0.000472,2.36E-06,0
