plant,axis,metamer,leaf_is_growing,internode_is_growing,leaf_L,delta_leaf_L,internode_L,delta_internode_L,leaf_pseudostem_length,delta_leaf_pseudostem_length,internode_distance_to_emerge,delta_internode_distance_to_emerge,SSLW,LSSW,leaf_is_emerged,LSIW,internode_is_visible,sucrose,amino_acids,fructan,proteins,leaf_enclosed_mstruct,leaf_enclosed_Nstruct,internode_enclosed_mstruct,internode_enclosed_Nstruct,mstruct
1,MS,3,True,True,0.121912,0,0.00005,0,0.028681,0,0.028681,0,27.6,1.38,True,1.38,False,6.721536,0.49151232,0,5.966767248,0.0028,0.000014,0.00000064,3.20E-09,0.00280064
1,MS,4,True,True,0.059415473,0,0.00001,0,0.028671,0,0.028671,0,27.6,1.38,False,1.38,False,6.72,0.4914,0,5.965403727,0.0028,0.000014,0,0.00E+00,0.0028
1,MS,5,True,False,0.004071393,0,0,0,0.028671,0,0.028671,0,27.3,1.365,False,NA,False,3.384,0.247455,0,3.004006877,0.00141,0.00000705,0,0.00E+00,0.00141
1,MS,6,True,False,0.001935925,0,0,0,0.028671,0,0.028671,0,NA,NA,False,NA,False,2.3904,0.174798,0,2.121979326,0.000996,0.00000498,0,0.00E+00,0.000996
1,MS,7,True,False,0.00098038,0,0,0,0.028671,0,0.028671,0,NA,NA,False,NA,False,1.8888,0.1381185,0,1.676704547,0.000787,0.000003935,0,0.00E+00,0.000787
1,MS,8,True,False,0.000886375,0,0,0,0.028671,0,0.028671,0,NA,NA,False,NA,False,1.5696,0.114777,0,1.39334787,0.000654,0.00000327,0,0.00E+00,0.000654
1,MS,9,True,False,0.00017404,0,0,0,0.028671,0,0.028671,0,NA,NA,False,NA,False,1.2456,0.0910845,0,1.105730191,0.000519,0.000002595,0,0.00E+00,0.000519
1,MS,10,True,False,6.50968E-05,0,0,0,0.028671,0,0.028671,0,NA,NA,False,NA,False,1.1328,0.082836,0,1.005596628,0.000472,0.00000236,0,0.00E+00,0.000472
