plant,axis,metamer,sucrose,amino_acids,fructan,proteins,mstruct,Nstruct
1,MS,3,1.60E+02,1.17E+01,0,1.42E+02,0.06670132,1.42E+02
1,MS,4,1.20E+02,8.78E+00,0,1.07E+02,0.050000169,1.07E+02
1,MS,5,1.90E+01,1.39E+00,0,1.69E+01,0.00792,1.69E+01
1,MS,6,2.39E+00,1.75E-01,0,2.12E+00,0.000996,2.12E+00
1,MS,7,1.89E+00,1.38E-01,0,1.68E+00,0.000787,1.68E+00
1,MS,8,1.57E+00,1.15E-01,0,1.39E+00,0.000654,1.39E+00
1,MS,9,1.25E+00,9.11E-02,0,1.11E+00,0.000519,1.11E+00
1,MS,10,1.13E+00,8.28E-02,0,1.01E+00,0.000472,1.01E+00
