Scenario,Scenario_label,Plant_Density,constant_Conc_Nitrates,METEO_FILENAME,Comments,elongwheat:delta_TT_GA,elongwheat:max_nb_leaves,senescwheat:AGE_EFFECT_SENESCENCE,elongwheat:SL_ratio_a,elongwheat:SL_ratio_b,elongwheat:SL_ratio_c,elongwheat:SL_ratio_d
26,N0.02_PAR250,90,20000,meteo_PAR250.csv,,10000000000,50,10000,0,0,0.01763,0.25
27,N0.02_PAR500,90,20000,meteo_PAR500.csv,,10000000000,50,10000,0,0,0.01763,0.25
28,N0.02_PAR1000,90,20000,meteo_PAR1000.csv,,10000000000,50,10000,0,0,0.01763,0.25
29,N0.1_PAR250,90,100000,meteo_PAR250.csv,,10000000000,50,10000,0,0,0.01763,0.25
30,N0.1_PAR500,90,100000,meteo_PAR500.csv,,10000000000,50,10000,0,0,0.01763,0.25
31,N0.1_PAR1000,90,100000,meteo_PAR1000.csv,,10000000000,50,10000,0,0,0.01763,0.25
32,N0.5_PAR250,90,500000,meteo_PAR250.csv,,10000000000,50,10000,0,0,0.01763,0.25
33,N0.5_PAR500,90,500000,meteo_PAR500.csv,,10000000000,50,10000,0,0,0.01763,0.25
34,N0.5_PAR1000,90,500000,meteo_PAR1000.csv,,10000000000,50,10000,0,0,0.01763,0.25
