plant,axis,metamer,organ,element,nitrates,starch,amino_acids,proteins,Nstruct,mstruct,fructan,sucrose,green_area,cytokinins,triosesP,Ag,Tr,Ts,is_growing
1,MS,1,blade,LeafElement1,0,0,1.162512,14.112432,0.00003312,0.006624,0,15.8976,0.00024,0.39744,0,0,0,18,False
1,MS,1,sheath,StemElement,0,0,6.5052234,78.9708174,0.000185334,0.0370668,0,88.96032,0.0002686,2.224008,0,0,0,18,False
1,MS,2,blade,LeafElement1,0,0,1.356264,16.464504,0.00003864,0.007728,0,18.5472,0.00028,0.46368,0,0,0,18,False
1,MS,2,sheath,StemElement,0,0,0.11407149,1.38478239,3.2499E-06,0.00064998,0,1.559952,4.71E-06,0.0389988,0,0,0,18,False
1,MS,2,sheath,HiddenElement,0,0,6.5052234,78.9708174,0.000185334,0.0370668,0,88.96032,0.000248,2.224008,0,0,0,18,False
1,MS,3,blade,LeafElement1,0,0,1.212992645,14.72524689,3.45582E-05,0.006911639,0,16.5879336,0.000250422,0.41469834,0,0,0,18,False
1,MS,3,sheath,StemElement,0,0,1.31920893,16.01467023,3.75843E-05,0.00751686,0,18.040464,3.69E-05,0.4510116,0,0,0,18,True
1,MS,4,blade,LeafElement1,0,0,0.305089036,3.703659206,8.692E-06,1.74E-03,0,4.172157754,6.30E-05,0.104303944,0,0,0,18,True
