plant,axis,metamer,sucrose,amino_acids,fructan,mstruct,proteins
1,MS,4,0.1728,0.016848,0,1.44E-04,0.479
1,MS,5,0.003732,0.000364,0,3.11E-06,0.002
1,MS,6,0.000768,0.000075,0,6.40E-07,0
