plant,axis,metamer,sucrose,amino_acids,fructan,proteins,mstruct,Nstruct
1,MS,3,0.560128,0.420096,0,0,0.00280064,9.02E-05
1,MS,4,0.56,0.42,0,0,0.0028,9.02E-05
1,MS,5,0.282,0.2115,0,0,0.00141,4.54E-05
1,MS,6,0.1992,0.1494,0,0,0.000996,3.21E-05
1,MS,7,0.1574,0.11805,0,0,0.000787,2.53E-05
1,MS,8,0.1308,0.0981,0,0,0.000654,2.11E-05
1,MS,9,0.1038,0.07785,0,0,0.000519,1.67E-05
1,MS,10,0.0944,0.0708,0,0,0.000472,1.52E-05
