Scenario,HZ.VMAX_SPROTEINS,ELT.VMAX_SPROTEINS,ELT.DELTA_D_CYTOKININS,RT.VMAX_S_CYTOKININS ,RT.K_NITRATE_EXPORT
4,0.345,0.0045,2.00E-05,0.0009,0.00012
5,0.345,0.0045,2.50E-05,0.0009,0.00012
6,0.345,0.005,0.00002,0.0009,0.00012
7,0.345,0.005,0.000025,0.0009,0.00012
8,0.345,0.006,2.00E-05,0.0009,0.00012
9,0.345,0.006,2.50E-05,0.0009,0.00012
