plant,axis,metamer,organ,element,age,length,is_growing,mstruct,Nstruct,amino_acids,proteins,fructan,sucrose,green_area,cytokinins,max_proteins,starch,nitrates,senesced_length
1,MS,1,blade,LeafElement1,280,0.082,False,0.00547569,2.74E-05,1.558161876,22.25945538,0,24.15745785,0.00019556,4.05E-01,0.8,0,0,0
1,MS,1,sheath,StemElement,280,0.0285,False,0.00228,0.0000114,0.184888676,2.641266804,0,10.05882353,0.000269,4.79E-02,0.4,0,0,0
1,MS,2,blade,LeafElement1,180,0.092,False,0.006450191,3.23E-05,2.175270707,31.07529581,0,28.4567234,0.000230364,5.68E-01,1,0,0,0
1,MS,2,sheath,HiddenElement,180,0.0285,False,0.00228,0.0000114,0.263040343,3.757719192,3.017647059,10.05882353,0.000248,6.84E-02,0.5,0,0,0
1,MS,2,sheath,StemElement,180,0.0005,False,0.00004,0.0000002,0.004614743,0.065924898,0,0.176470588,0.000005,1.20E-03,0.5,0,0,0
1,MS,3,blade,LeafElement1,80,0.060421565,True,0.00556108,2.78E-05,2.06543285,29.50618358,0,24.53417647,0.00019861,5.39E-01,1.2,0,0,0
