plant,axis,metamer,organ,element,age,length,is_growing,mstruct,Nstruct,amino_acids,proteins,fructan,sucrose,green_area,cytokinins,max_proteins,starch,nitrates,senesced_length,Nresidual,max_mstruct
1,MS,1,blade,LeafElement1,280,0.082,False,0.002933406,1.47E-05,1.16E+00,11.61350032,0,12.94149528,0.00019556,0.178937741,4.25E+03,0,0,0,0,0.00292995
1,MS,1,sheath,StemElement,280,0.0285,False,0.00171,0.00000855,0.192771314,1.927713142,0,7.544117647,0.000269,0.02907,1.13E+03,0,0,0,0,0.00171
1,MS,2,blade,LeafElement1,180,0.092,False,0.005298371,2.65E-05,2.49E+00,24.86510005,0,23.37516565,0.000230364,0.381482703,4.25E+03,0,0,0,0,0.00554461
1,MS,2,sheath,HiddenElement,180,0.0285,False,0.00228,0.0000114,0.365722389,3.657223894,5.029411765,10.05882353,0.000248,0.057,1.60E+03,0,0,0,0,0.00228
1,MS,2,sheath,StemElement,180,0.0005,False,0.00004,0.0000002,0.006416182,0.064161823,0,0.176470588,0.000005,0.001,1.60E+03,0,0,0,0,0.00004
1,MS,3,blade,LeafElement1,80,0.060421565,True,0.00496525,2.48E-05,2.57E+00,25.6660111,0,21.90551471,0.00019861,0.39225475,0,0,0,0,0,0.00480025
